Workbook

Sheet 펀드목록
A1: fund_cd | B1: fund_nm | C1: fund_type | D1: risk_grade | E1: sale_status | G1: ※ 교육용 가상 자료 / risk_grade: 1(매우높은위험)~6(매우낮은위험)
A2: VF01 | B2: [가상]성장주식형 | C2: 주식형 | D2: 1 | E2: 판매중
A3: VF02 | B3: [가상]가치주식형 | C3: 주식형 | D3: 2 | E3: 판매중
A4: VF03 | B4: [가상]글로벌혼합형 | C4: 혼합형 | D4: 3 | E4: 판매중
A5: VF04 | B5: [가상]안정혼합형 | C5: 혼합형 | D5: 4 | E5: 판매중
A6: VF05 | B6: [가상]국공채형 | C6: 채권형 | D6: 5 | E6: 판매중
A7: VF06 | B7: [가상]단기채권형 | C7: 채권형 | D7: 6 | E7: 판매중
A8: VF07 | B8: [가상]신흥국주식형 | C8: 주식형 | D8: 1 | E8: 판매중지
A9: VF08 | B9: [가상]원자재혼합형 | C9: 혼합형 | D9: 2 | E9: 판매중지

Sheet 신청샘플
A1: req_no | B1: policy_no | C1: req_dt | D1: change_type | E1: from_fund_cd | F1: to_fund_cd | G1: ratio | H1: change_cnt_ytd | I1: fund_cnt_after | J1: channel | L1: ※ change_cnt_ytd: 이번 건 제외 올해 완료 횟수 / fund_cnt_after: 변경 후 편입 펀드 수
A2: REQ-0001 | B2: TEST-0001 | C2: 2026-10-01 | D2: 적립금이전 | E2: VF05 | F2: VF03 | G2: 30 | H2: 3 | I2: 4 | J2: 창구
A3: REQ-0002 | B3: TEST-0002 | C3: 2026-10-01 | D3: 투입비율변경 | E3: VF01 | F3: VF02 | G3: 50 | H3: 11 | I3: 3 | J3: 콜센터
A4: REQ-0003 | B4: TEST-0003 | C4: 2026-10-02 | D4: 적립금이전 | E4: VF03 | F4: VF07 | G4: 20 | H4: 5 | I4: 3 | J4: 창구
A5: REQ-0004 | B5: TEST-0004 | C5: 2026-10-02 | D5: 투입비율변경 | E5: VF04 | F5: VF01 | G5: 15 | H5: 2 | I5: 5 | J5: 창구
A6: REQ-0005 | B6: TEST-0005 | C6: 2026-10-05 | D6: 적립금이전 | E6: VF02 | F6: VF06 | G6: 100 | H6: 13 | I6: 2 | J6: 콜센터
A7: REQ-0006 | B7: TEST-0006 | C7: 2026-10-05 | D7: 투입비율변경 | E7: VF06 | F7: VF05 | G7: 40 | H7: 0 | I7: 5 | J7: 창구
A8: REQ-0007 | B8: TEST-0007 | C8: 2026-10-06 | D8: 적립금이전 | E8: VF05 | F8: VF01 | G8: 60 | H8: 7 | I8: 4 | J8: 콜센터
A9: REQ-0008 | B9: TEST-0008 | C9: 2026-10-06 | D9: 투입비율변경 | E9: VF03 | F9: VF04 | G9: 30 | H9: 12 | I9: 6 | J9: 창구

Sheet 체크리스트
A1: req_no | B1: 이번건포함_횟수 | C1: 수수료(원) | D1: 10%단위 | E1: 펀드수_5개이하 | F1: 변경후펀드_판매상태 | G1: 판정 | H1: 처리자 | I1: 비고 | K1: 작업순서: ①신청샘플 붙여넣기 ②수식 아래로 채우기 ③판정 '반려/보완' 건 필터 ④비고에 사유 기록
A2: =신청샘플!A2 | B2: =신청샘플!H2+1 | C2: =MAX(0,B2-12)*2000 | D2: =IF(MOD(신청샘플!G2,10)=0,"OK","E-103") | E2: =IF(신청샘플!I2<=5,"OK","E-104") | F2: =VLOOKUP(신청샘플!F2,펀드목록!$A:$E,5,FALSE) | G2: =IF(AND(D2="OK",E2="OK",F2="판매중"),"처리","반려/보완") | H2: 담당자A
A3: =신청샘플!A3 | B3: =신청샘플!H3+1 | C3: =MAX(0,B3-12)*2000 | D3: =IF(MOD(신청샘플!G3,10)=0,"OK","E-103") | E3: =IF(신청샘플!I3<=5,"OK","E-104") | F3: =VLOOKUP(신청샘플!F3,펀드목록!$A:$E,5,FALSE) | G3: =IF(AND(D3="OK",E3="OK",F3="판매중"),"처리","반려/보완") | H3: 담당자A
A4: =신청샘플!A4 | B4: =신청샘플!H4+1 | C4: =MAX(0,B4-12)*2000 | D4: =IF(MOD(신청샘플!G4,10)=0,"OK","E-103") | E4: =IF(신청샘플!I4<=5,"OK","E-104") | F4: =VLOOKUP(신청샘플!F4,펀드목록!$A:$E,5,FALSE) | G4: =IF(AND(D4="OK",E4="OK",F4="판매중"),"처리","반려/보완") | H4: 담당자A
A5: =신청샘플!A5 | B5: =신청샘플!H5+1 | C5: =MAX(0,B5-12)*2000 | D5: =IF(MOD(신청샘플!G5,10)=0,"OK","E-103") | E5: =IF(신청샘플!I5<=5,"OK","E-104") | F5: =VLOOKUP(신청샘플!F5,펀드목록!$A:$E,5,FALSE) | G5: =IF(AND(D5="OK",E5="OK",F5="판매중"),"처리","반려/보완") | H5: 담당자A
A6: =신청샘플!A6 | B6: =신청샘플!H6+1 | C6: =MAX(0,B6-12)*2000 | D6: =IF(MOD(신청샘플!G6,10)=0,"OK","E-103") | E6: =IF(신청샘플!I6<=5,"OK","E-104") | F6: =VLOOKUP(신청샘플!F6,펀드목록!$A:$E,5,FALSE) | G6: =IF(AND(D6="OK",E6="OK",F6="판매중"),"처리","반려/보완") | H6: 담당자A
A7: =신청샘플!A7 | B7: =신청샘플!H7+1 | C7: =MAX(0,B7-12)*2000 | D7: =IF(MOD(신청샘플!G7,10)=0,"OK","E-103") | E7: =IF(신청샘플!I7<=5,"OK","E-104") | F7: =VLOOKUP(신청샘플!F7,펀드목록!$A:$E,5,FALSE) | G7: =IF(AND(D7="OK",E7="OK",F7="판매중"),"처리","반려/보완") | H7: 담당자A
A8: =신청샘플!A8 | B8: =신청샘플!H8+1 | C8: =MAX(0,B8-12)*2000 | D8: =IF(MOD(신청샘플!G8,10)=0,"OK","E-103") | E8: =IF(신청샘플!I8<=5,"OK","E-104") | F8: =VLOOKUP(신청샘플!F8,펀드목록!$A:$E,5,FALSE) | G8: =IF(AND(D8="OK",E8="OK",F8="판매중"),"처리","반려/보완") | H8: 담당자A
A9: =신청샘플!A9 | B9: =신청샘플!H9+1 | C9: =MAX(0,B9-12)*2000 | D9: =IF(MOD(신청샘플!G9,10)=0,"OK","E-103") | E9: =IF(신청샘플!I9<=5,"OK","E-104") | F9: =VLOOKUP(신청샘플!F9,펀드목록!$A:$E,5,FALSE) | G9: =IF(AND(D9="OK",E9="OK",F9="판매중"),"처리","반려/보완") | H9: 담당자A
